protocol_mode,transaction_id,logical_download_id,true_device_id
standard_rsp,AD25B5668B7E9F07B344AEDA658F8FDC,D06-M04,Device-06
aura_rsp,C1588AB4B64D9BF72EF0BE4CAAB90B03,D06-M04,Device-06
standard_rsp,73DD2A38E3A90620AAF23FC8CC58A161,D10-M03,Device-10
aura_rsp,BC4C8C016E4405E3EB0440C04A55E6DB,D10-M03,Device-10
standard_rsp,E2F2192A1C80AE5E3EBC16B6CCAB87CF,D18-M04,Device-18
aura_rsp,C2B8D85F7A52CA4A84F71D062B5DF633,D18-M04,Device-18
standard_rsp,5939BC60F451F95B7EC64A98C3C2C721,D05-M04,Device-05
aura_rsp,282682FC8B65852D2B154BFF4041E9F5,D05-M04,Device-05
standard_rsp,1BB8E9D19BA492864DD483F9B571B800,D17-M02,Device-17
aura_rsp,1110423AD5E1627FCB0AAA12B0EF1509,D17-M02,Device-17
standard_rsp,DFBA8FABFBDBC446738107E25AC3A382,D16-M03,Device-16
aura_rsp,DA95373542EEC42C5AD2A6CB02E55706,D16-M03,Device-16
standard_rsp,2F1EC2F0D9C329DC3E9F78B434849A2F,D08-M02,Device-08
aura_rsp,5A9E95CBEC37F1D66D1E6F16F9293D3B,D08-M02,Device-08
standard_rsp,8DE9EC967D577FB3AD3FBC1F7F516B49,D01-M01,Device-01
aura_rsp,82CE8B45EDB5F60D6FF09A52043B0207,D01-M01,Device-01
standard_rsp,B755416B5217B0C7C523D137D0560BAB,D11-M01,Device-11
aura_rsp,6D6EAD31C1CEE35D10C9834489577BB6,D11-M01,Device-11
standard_rsp,FA59233B4566E6D85266909E02524EA7,D12-M04,Device-12
aura_rsp,24417CF16A95577FBEAB0C9588CA664C,D12-M04,Device-12
standard_rsp,ED8D3428ECFE3B62DD5B89B7E2D0A189,D19-M03,Device-19
aura_rsp,87A96A6895E62951406607DA14E0CAE6,D19-M03,Device-19
standard_rsp,E01316971F8ACC997F856A2561BCB2E7,D15-M03,Device-15
aura_rsp,0713C86ABA1CB4BEA7E9F15DD154AF1F,D15-M03,Device-15
standard_rsp,B8514FFFC571B8DA1680A591F742F164,D16-M04,Device-16
aura_rsp,E0ACECDAE2EE83F1064F82E80CE0A637,D16-M04,Device-16
standard_rsp,C89F221C89D9B81E17C3532BA8E9C69C,D07-M01,Device-07
aura_rsp,27795F94FFEE536463CA30BDDD58A14E,D07-M01,Device-07
standard_rsp,0DEE05896E2ECFF32004B7291957638E,D16-M02,Device-16
aura_rsp,69ABC622FAC7CA1DB6FF821DBEC54D7F,D16-M02,Device-16
standard_rsp,70506EE8248145632B696B4F38FC1419,D20-M03,Device-20
aura_rsp,430C39AA98FD62C0556E7494B23A1D69,D20-M03,Device-20
standard_rsp,ACDB376B9E16C2BFFD4A2B684768D379,D03-M03,Device-03
aura_rsp,3F4F2D668F5EF15AA89F5D69CD5CC047,D03-M03,Device-03
standard_rsp,3DC0DA8D18AF894F853D6587AD6A9471,D04-M02,Device-04
aura_rsp,A906B15B22A7735F114CD8973DCF056D,D04-M02,Device-04
standard_rsp,491E7029C0644E4EC76F89C0654E757F,D14-M03,Device-14
aura_rsp,E460DA32616E36EBDB8015836B3E5003,D14-M03,Device-14
standard_rsp,A939415470F6927E51C2A026C4F4BC29,D14-M04,Device-14
aura_rsp,87411055A022D547FCE682C40B40C58C,D14-M04,Device-14
standard_rsp,59FE056629E23072376F07BCFAACB50C,D03-M02,Device-03
aura_rsp,141090A8EFC7076090362243A7193282,D03-M02,Device-03
standard_rsp,CFE4823845F28BEA63386BD4AF261139,D02-M01,Device-02
aura_rsp,06D8D77D450F41117C9463E2BEF1F3AE,D02-M01,Device-02
standard_rsp,5306CA08C2E51D2D37EF53B0548C1C92,D02-M03,Device-02
aura_rsp,4F502921E3A8D058878BAACEF8B54009,D02-M03,Device-02
standard_rsp,E0E46B1B9CA1851A3380A0864B7E1B66,D11-M03,Device-11
aura_rsp,FBB46B27CDBF201FF5AB66BF5D82A616,D11-M03,Device-11
standard_rsp,8306744DF0F7B51F1B38A5A73227E239,D10-M02,Device-10
aura_rsp,87A8087AB7203B4235D40323FF93611A,D10-M02,Device-10
standard_rsp,3220B92797B76B41FDC6313E13287CC7,D15-M04,Device-15
aura_rsp,019DE36DF5096BB9E75F7E04E9C7AEB4,D15-M04,Device-15
standard_rsp,0844011AB44BBCA0B0392E7C40CA84F0,D07-M02,Device-07
aura_rsp,DE197A0948A8086AC5829B6609439C1E,D07-M02,Device-07
standard_rsp,DFC3C8DBC6DAF25BDB0AB305EC1A2E53,D15-M01,Device-15
aura_rsp,E99CD794630A13E587EB7DD4DEA0F15A,D15-M01,Device-15
standard_rsp,F059F1013762CC82CEAAD84EE854C16D,D01-M02,Device-01
aura_rsp,0AC3C6537AA0589251C5D0BEC6E5CBAD,D01-M02,Device-01
standard_rsp,2D5AFE119DD5554136DEB21223769260,D01-M04,Device-01
aura_rsp,3F20E2AABF2A17A3FFE0DE0CA825D345,D01-M04,Device-01
standard_rsp,433A8B45899B0580A21BACA504D6910B,D05-M02,Device-05
aura_rsp,46914D31CE3F3DC6A5AFA933B2233B56,D05-M02,Device-05
standard_rsp,F7B8731B39E1DFE12513786CD36F47F9,D19-M01,Device-19
aura_rsp,08D637908080C3C8EA8E8D14BFBCC9CF,D19-M01,Device-19
standard_rsp,AEE020E771106FB47F79955C14077F25,D14-M02,Device-14
aura_rsp,7E9CC2ACE23E327BE1D53805566455FF,D14-M02,Device-14
standard_rsp,AC1E270A7B15CCF55DE282F71F1131D2,D20-M02,Device-20
aura_rsp,23FA59C7026D2B542F83465696D41D84,D20-M02,Device-20
standard_rsp,439943ED4907AFEEC3A22C0B67F3306C,D10-M04,Device-10
aura_rsp,D5CE5405D90A0BC24EBE4DAAE28FCBBC,D10-M04,Device-10
standard_rsp,9E0DA79434D5DC44A35496943DB44645,D17-M01,Device-17
aura_rsp,1BEAF29877E24F5EB211698F6AFFFBE3,D17-M01,Device-17
standard_rsp,57FAC97F26480CAD7640FD0B43B32938,D13-M03,Device-13
aura_rsp,BC039C048BE7E834B044F1A4CDBB0470,D13-M03,Device-13
standard_rsp,8E94B36132484D45F5592B27E761135F,D19-M04,Device-19
aura_rsp,2171150B8213FE777A592DE8895E85CC,D19-M04,Device-19
standard_rsp,A10D0933E2F92B510572E15705B001AE,D13-M04,Device-13
aura_rsp,167418295F5C0000D7BF8752DB5051CD,D13-M04,Device-13
standard_rsp,C1F40927BE1C3DA3C803F31ABED1F446,D19-M02,Device-19
aura_rsp,0F7D77B7E2F128CC2BD770DE4FEE77E9,D19-M02,Device-19
standard_rsp,38D84C19349E14D61B05D3D1011653D3,D05-M03,Device-05
aura_rsp,29C8C30F7FAD2B57434413AC91CB6678,D05-M03,Device-05
standard_rsp,E3FB2D77A628349EA7BEF9632124B319,D18-M01,Device-18
aura_rsp,0A19CE0FA544400B9D889875555F7DEE,D18-M01,Device-18
standard_rsp,235C951AB0B7A5191BF9A3114E0CD7C9,D11-M04,Device-11
aura_rsp,134F48A95729EFE06521D261B9DACB96,D11-M04,Device-11
standard_rsp,1ADC98636ACD6BEFCC39DD529B7FA831,D03-M04,Device-03
aura_rsp,23EF3D7E74D39E45FB7BA2BE0144A962,D03-M04,Device-03
standard_rsp,A8FFB9BDC432A3B667D2084FDD781E3D,D08-M01,Device-08
aura_rsp,88BA68E105467FD58E936755CF78DD9C,D08-M01,Device-08
standard_rsp,FD0A52E8F652CCE92A93CA67701011D0,D12-M01,Device-12
aura_rsp,80536E9D7FC36ADD2EEC6B9A17E1A449,D12-M01,Device-12
standard_rsp,D92EC94A720B804FC73241CE930FD3F8,D09-M02,Device-09
aura_rsp,9DEE09480F69F547E3E43DE34FDBD3F7,D09-M02,Device-09
standard_rsp,5A3F7B2F974C72CE9F2B8926FA9E2D9A,D05-M01,Device-05
aura_rsp,BE34D2D3BED70BAB43590E17B5A1733D,D05-M01,Device-05
standard_rsp,DB432930212040410D537C1880518580,D09-M01,Device-09
aura_rsp,5194162685D987938BB77CCBC10FB681,D09-M01,Device-09
standard_rsp,D30D486F990613D3099334A00CA80D7B,D13-M01,Device-13
aura_rsp,83675168A3DF16ACF8A0B36B090AE2F0,D13-M01,Device-13
standard_rsp,6D44A4596340019F71E5D4C816F82A9E,D04-M01,Device-04
aura_rsp,55451B65A7B1D031BCD6CBB0CDCE1327,D04-M01,Device-04
standard_rsp,BE59077548420BF14AD78F08260E9F4F,D06-M01,Device-06
aura_rsp,244A3E3F49A23740F114B6698C62808B,D06-M01,Device-06
standard_rsp,4242BB2A541CD87D9CF75D4AEF1A4099,D07-M03,Device-07
aura_rsp,C88F57B7C51834003EA1540720577589,D07-M03,Device-07
standard_rsp,F6CDFBA38350AA2B89D7B52D59AC6874,D04-M04,Device-04
aura_rsp,26361F0BE23ADBA6DBAE503EE32A0866,D04-M04,Device-04
standard_rsp,6984D13115E21F4B1D39000C1A6E8EC4,D09-M04,Device-09
aura_rsp,5238F1B944146F701B4477DD53BBD9A4,D09-M04,Device-09
standard_rsp,1EB1B158170AFC28B625A093ED8C6A1B,D18-M03,Device-18
aura_rsp,898678B0529A15D1103DCF0CD0EB2DD9,D18-M03,Device-18
standard_rsp,C4E558C5DC5B190496501F64DB26B594,D15-M02,Device-15
aura_rsp,EE684DCCE6F91D6DBA14D5B0F82EF9D4,D15-M02,Device-15
standard_rsp,5811858671DC765405F82A3E87B2C925,D07-M04,Device-07
aura_rsp,13A73CADBED84CC91113B6110A026A49,D07-M04,Device-07
standard_rsp,3D24E8FC456C67A0BB0A86DD671ADBA6,D04-M03,Device-04
aura_rsp,CF2CE60AFF12642FB7511C390C337E92,D04-M03,Device-04
standard_rsp,21133C2333313A01D34276358D0FCF2A,D08-M03,Device-08
aura_rsp,CC21DC9E7C8692221B503E587E300362,D08-M03,Device-08
standard_rsp,17663E7E40AF7B1EABCC3A336F0FD45F,D20-M01,Device-20
aura_rsp,55FE4C2A6A727C92F5AA56CB4C2232FA,D20-M01,Device-20
standard_rsp,B981B563BDD4C5BA38A2CEBB185F92FA,D01-M03,Device-01
aura_rsp,7D6701CCB2E91072221E138DB961F0DE,D01-M03,Device-01
standard_rsp,A1F976428A5C22CC272C61949CE11753,D18-M02,Device-18
aura_rsp,D466355120B2B5CD834F638B7624EBD0,D18-M02,Device-18
standard_rsp,F469F10DE46F2064FEA4FA1C2520472E,D02-M02,Device-02
aura_rsp,33289073FB2779C5A6743CA4B35D4448,D02-M02,Device-02
standard_rsp,9F55D7939E6001A41629500FF84C4E25,D10-M01,Device-10
aura_rsp,7259A56E6C6CA10FD0ED9898046DBBF1,D10-M01,Device-10
standard_rsp,B4A13C21F5413895E62BCC4BB92C274D,D17-M04,Device-17
aura_rsp,360C11A9BE27EBAEAAF924348BA4C0B6,D17-M04,Device-17
standard_rsp,E02E25F5DCCB50ECD15BD1001793DE20,D13-M02,Device-13
aura_rsp,F5C633B4DA6D43AF3DD3BAC097F88443,D13-M02,Device-13
standard_rsp,E0AFC72ACCA4B77CC3FE9E3773688787,D14-M01,Device-14
aura_rsp,698F76A2301120B085C6465080115D6A,D14-M01,Device-14
standard_rsp,FF07E4E2EC2521873C2083A6A3D7DA80,D12-M03,Device-12
aura_rsp,A33B631C337001D03236223807E8D1F9,D12-M03,Device-12
standard_rsp,5D6755BEB09608824DBBC8F614D708FD,D06-M02,Device-06
aura_rsp,A775013EB70067881F8CC11DDF436DCB,D06-M02,Device-06
standard_rsp,1AE4080DB1EE09B20FABE2BDFEF25EB0,D09-M03,Device-09
aura_rsp,BD1D217B30C602E8600BBB487F57CDA9,D09-M03,Device-09
standard_rsp,1C2E9743494F467C2C8765281A657809,D16-M01,Device-16
aura_rsp,8F9AAF64EC6DAC84EAF0EC7924A16FEA,D16-M01,Device-16
standard_rsp,89190A72B0AAE9476FF4E18680F7AF80,D20-M04,Device-20
aura_rsp,2283E780BACA96EA04333B9F23E1EABE,D20-M04,Device-20
standard_rsp,B0BC54D7F9D27DAFCCA0FEB118B4C9C1,D03-M01,Device-03
aura_rsp,57A1D4CE176D70D53EAA261C553E89EB,D03-M01,Device-03
standard_rsp,2A38165D65B9377841E216E5A1982BD4,D06-M03,Device-06
aura_rsp,B1B43D33C3DDA3D2737F8299F519CD52,D06-M03,Device-06
standard_rsp,1833C4FB73378D6F6876B47114E11CFC,D02-M04,Device-02
aura_rsp,742A3F8942E8A43A72187244FEB07467,D02-M04,Device-02
standard_rsp,8FBDB66F4E8003617F4F550C40122DD4,D12-M02,Device-12
aura_rsp,D67EE8ABADD5E91DFB4F4520D438693B,D12-M02,Device-12
standard_rsp,89AB09B4BBADEA27A3C5E89388245B39,D08-M04,Device-08
aura_rsp,49FB7B082DC45DBF8DD86C7DAE1C81D9,D08-M04,Device-08
standard_rsp,44DF46D7F10B803DCEA07400883BDBE4,D11-M02,Device-11
aura_rsp,C8DBD53AA3B6F9839A036141F1081CCB,D11-M02,Device-11
standard_rsp,B39EDECB0E36A900240831A3A93A309A,D17-M03,Device-17
aura_rsp,CB079E9675DA62432F4B156B7887A05D,D17-M03,Device-17
