accepted,category,elapsed_ms,profile_delivered,reason,rejected,rejection_stage,request_bytes,scenario,session_key_established
False,network_mitm,0.218,False,CAPABILITY_TRANSCRIPT_MISMATCH,True,capability_transcript,0,mitm_offer_hybrid_to_classical,False
False,network_mitm,0.079,False,INVALID_SERVER_AUTH_SIGNATURE,True,server_authentication,512,mitm_signed_selection_hybrid_to_classical,False
False,network_mitm,0.09,False,INVALID_CLIENT_KEY_EXCHANGE_SIGNATURE,True,client_key_exchange_signature,2439,remove_mlkem_public_key,False
False,network_mitm,0.113,False,MISSING_MLKEM_CIPHERTEXT,True,mlkem_server_material,18802,delete_mlkem_ciphertext,False
False,network_mitm,0.114,False,MLKEM_CIPHERTEXT_HASH_MISMATCH,True,ctx_k_binding,18802,replace_mlkem_ciphertext,False
False,network_mitm,0.104,False,INVALID_SERVER_KEY_EXCHANGE_SIGNATURE,True,server_key_exchange_signature,18802,splice_classical_ephemeral_into_hybrid,False
False,network_mitm,0.094,False,INVALID_SERVER_KEY_EXCHANGE_SIGNATURE,True,server_key_exchange_signature,18802,mark_hybrid_response_as_classical,False
True,legitimate_server_policy,0.78,True,CLASSICAL_ALLOWED_BY_DEVICE_POLICY,False,none,851,legitimate_server_classical_allow,True
False,legitimate_server_policy,0.163,False,HYBRID_REQUIRED,True,device_policy,502,legitimate_server_classical_require_hybrid,False
